Organization/Business Name ,WEBSITE
143 Speech Therapy,www.143speechtherapy.com
2 THE TOP,www.2ttop.com
3C Visions,3cvisions.com
5 Point Visuals,www.5pointvisuals.com
818 - a tiny design empire,818iowa.com
Aaron Murphy Interiors,www.aaronmurphyinteriors.com
Abbe Creek Gallery,abbecreekgallery.com
Ability Home Health Care LLC ,Abilitycare.net
Abs Dabs Hair at Fix Salon ,https://www.instagram.com/absdabshair?igsh=bGRhcGRnN2h3a3Jp&utm_source=qr
Absolutely Mental Health,https://www.psychologytoday.com/us/therapists/megan-matulka-plattsmouth-ne/742087
Acupuncture of Iowa,www.acupunctureofiowa.com
Adel Family Fun Center,https://www.affcbowl.com
Adel Veterinary Clinic ,www.adelvet.com
Adorn DSM,Www.adornndsm.com
Aero's Artistry,https://www.google.com/url?sa=t&source=web&rct=j&opi=89978449&url=https://m.facebook.com/p/Aeros-Artistry-100075924913071/&ved=2ahUKEwjA_8ODq-mLAxUaL9AFHc0zPE0QFnoECCMQAQ&usg=AOvVaw3tLPOcNqqzOg_wwu69GCME
Afterglow Pro Studio,www.afterglowprostudio.com
Against the Grain Woodworking and Design,Www.againstthegrainwd.com
"Alamos Basement, LLC",alamosbasement.com
All About Cheesesteaks ,allaboutcheesesteaks.com
Alley Cat Tattoo ,https://m.facebook.com/tattoosbybrent/
AllSpice Culinarium,www.allspiceonline.com
Allspice Culinarium ,allspiceonline.com
Allure By Allie,Allurebyallie on instagram & facebook
Alluvial Brewing ,alluvialBrewing.com
Alondraxa.hair,alondraxa-hair.square.site
alvaradoand23@gmail.com,Toodlebopping/Facebook.com 
Alyssa Leicht (Photographer),alyssaleicht.com/@alyssaleicht (concerts) lysleicht.com/@lysleicht (weddings etc)
Amazing Event Comedy,Amazingeventcomedy.com
Ames British Foods and Gifts,Www.amesbritishfoods.com
Ames United Church of Christ,amesucc.org
Ampersand Copy and Content LLC,www.ampersandcopyandcontent.com 
Amplified ,Amplifieddsm.com 
Angela Erickson Real Estate,https://angelaericksonrealestate.com/
Angela's Archives ,arch.ives197
Anthea Tattoo ,www.instagram.com/anthea.tattoo
Apres Bar Co ,Apresbarco.com
Apricity,https://www.instagram.com/hereatapricity?igsh=djE0MDg5Z2o0ZThx&utm_source=qr
ARCANA,Www.massagebook.com/biz/arcanadsm
"Ari Snapshots, LLC",www.arisnapshots.com
Arick Reese Art & Tattoos,www.arickreese.com
Around The Corner Productions ,www.ATC-P.com
Art by Rachel Hendel,www.rachelhendel.com
Art Terrarium,www.artterrarium.com
Art Terrarium,Artterrarium.com
Ash Drive Hobby Designs ,Instagram @ashdrivehobbydesigns
Astraea Legal LLC,https://astraea.legal/
Aurora Blush Salon & Bridal,aurorablush.com
Awaken Yoga ,Www.awakenlemars.com
Awful Purdies ,www.awfulpurdies.com
AWP THERAPY LLC,https://www.psychologytoday.com/us/therapists?search=amanda+WentworthPuentes+
B2B Solutions,Www.b2bsolutions.biz
Back Alley House Plants,Instagram - backalleyhouseplants or FB. More active there than web 
Bahnsen Consulting,https://www.linkedin.com/in/emily-bahnsen-b020158/
"Balance. Breathe. Be., LLC",www.balancebreathebe.com
Barnswallow Flowers / Barnswallow & Co. LLC,barnswallowflowers.com
barre3 Iowa City,www.barre3.com/iowa-city
Beadology Iowa,beadologyiowa.com
Beautiful People Organic Salon,Michelle's Beautiful People (fb)
Beautifully You Esthetics,https://beautifullyouesthetics.square.site
Beaverdale Books,beaverdalebooks.com
Becs Jpg Photography,Www.becsjpg.com
before and after the birth,https://www.beforeandafterthebirth.org/
Bell Tower Dynamics,https://www.amway.com/myshop/belltowerdynamics
Ben Lynch Law,www.benlynchlaw.com
Benchwarmers,https://www.facebook.com/share/1BSKzUBWDh/?mibextid=wwXIfr
Bethany Niciu Photography,BethanyNiciuPhotography.com
Betty J's Mercantile,
Big Cat Energy,Facebook.com/bigcatenergymuscatine
Bing's Des Moines ,
Black Cat Ice Cream,Www.blackcaticecream.com
Black Magic Tattoo,Blackmagictattoodsm.com
Black Phoenix Group,www.bphxg.com
Black Sheep Craft Shop ,www.blacksheepcraftshop.com
Blazing Saddle,TheBlazingSaddle.com
Blazing Star,blazingstareats.com
Blended by Hannah Forsythe,@blendedbyhannah
Bloom Women’s Wellness,www.bloomwomenswellness.org
Blue Gate Farm,www.bluegatefarmfresh.com
Book Vault,www.bookvault.org
Bouillon Flower & Garden LLC,Facebook / bouillonfflower&gsrden
Brave Abundance Therapy ,Www.braveabundancetherapy.com
Brave Space Healing,www.bravespacehealing.com
Bread Worthy Bakery ,Breadworthy@gmail.com
"Breanna Young, Attorney",
Brighter Paths Counseling,https://www.brighterpathscounselingdsm.com/
"Brittany Brooke Crow, LLC",www.brittanybrookecrow.com
Brittany Reed Salon Studio,https://www.brittanyreedsalon.com/
Brix Cheese Shop & Wine Bar,brixcheeseshop.com
Brooke Baker Photographer,www.brookebakerphotographer.com 
"Bry Wisecup, Realtor with LPT Realty",Brywisecup.com
Bungalow By Design,Instagram.com/bungalowbydesign
Burlington Riverfront Entertainment,www.burlingtonriverfront.com
Bus Guys LLC,https://bus-guys-llc.square.site/
By Wysteria,Www.ByWysteria.com 
Bytelabs,https://bsky.app/profile/jeremy.bytelabs.social
Cake Baby,Cakebabydsm@gmail.com
"Calli Tuggle Photography, LLC",www.CalliTugglePhotography.com
Canady Designs,
Canary Consulting Group,www.canaryconsultinggroup.com
Candle Bar DSM,www.candlebardsm.com
Candy Caboose,https://www.facebook.com/candycabooseottumwa
CAP Theatre (Class Act Productions),www.captheatre.org
Capital City Pride,https://capitalcitypride.org/
Caracas Language Solutions LLC ,http://vanessaCmarcano.com
Carlyn Rae Energy Transformations,https://carlynrae.com/
Carper Winery,www.carperwinery.com
Carrie Houchins-Witt Tax & Financial Services LLC,Www.houchinswitt.com
Cascade Clinical Connections,https://cascadeclinical.com/
Casey Reints Consulting,https://creints.wixsite.com/grants
"Cassandra Hohl, Spa Therapist ",https://www.facebook.com/share/1RDmxyFuJk/?mibextid=wwXIfr
Cellar Door art & design,cellardoorartanddesign.com
Cellular Sales Of Knoxville Inc,https://x.com/Tweetmaster20oz?t=qYr7gX6pVFIWC1RwsseB6w&s=09
Center Ground Coffee Bar,https://www.clover.com/online-ordering/center-ground-coffee-bar-brooklyn
Central Iowa Music Lab,www.centraliowamusiclab.com
Central Iowa Music Therapy LLC,Centraliowamusictherapy.clientsecure.me
Central Therapy Services,centraltherapyservices.com
Chadly Creative Consulting,https://www.chadlycreativeconsulting.com/
Chain & Spoke,Chainandspoke.com
Chair of Polk City Democrats,Polk City Democrats on Facebook and on X
Chandelier Weddings and Events,www.ChandelierDSM.com
Cheers Ink,Www.CheersInk.com
Chef A LLC,https://www.instagram.com/chefallc?igsh=Zm9wdHE5bzdtZHZy&utm_source=qr
Chellie's Sugar Shack Bakery ,www.shuggashackdsm.com
Chelsea Dawn Weddings ,Www.chelseadawnweddings.org
Christa Payne - Country Financial,Www.countryfinancial.com/christa.payne
Christian Block Residential Real Estate,www.realtorcblock.expert
Christopher's Bar Exam,https://www.facebook.com/ChristophersBarExam/
Cirque Wonderland Studios,www.cirquewonderland.com 
CKD HOME,Www.shopckdhome.com
Clay and Oil,Www.clayandoil.com
Click! Photography,https://www.clickphotographyonline.com
Clyde’s Fine Diner,Clydesfinediner.com
CMO* To-Go,www.cmotogo.io
Coal Palace Cafe and Books,https://www.facebook.com/coalpalacecafe
Cognizant Counseling,Www.cognizantdsm.com
Colby Campbell Photography,www.colby-campbell.com
Collabry,https://www.collabry.com
College Street Counseling,www.csciowacity.com
Colors Floral and Home Decorating,www.colorsfloral.com
Community Support Advocates ,Teamcsa.org
Connected Care NP,Www.connectedcarenp.com
Corah Webber Realtor,www.corahwebber.com
Cornerstone Brief Therapy,www.cornerstonebrieftherapy.com
Country Lane Lodge Event Venue,https://countrylanelodgeiowa.com/
CRCSD,
Creme,Www.cremecupcake.com
Cristen Harmon Photography,cristenharmonphotography.com
Critical Hit Games,criticalhitgames.net
Crossroad Family Center,Www.crossroadfamilycenter.com
Crystal Wulf Photography ,https://crystalwulfphotography.mypixieset.com/
Culinary Annex,Www.dsmculinary.com
Cultivate Physical Therapy,cultivatephysicaltherapy.com
Cultivate Therapy,https://alicia-bruzek.clientsecure.me/
Dahlia Darling and Co,https://www.instagram.com/dahliadarlingandco?igsh=MWVxYTk1ZzVyaXRmZw==
Dailey Growth Counseling,https://www.psychologytoday.com/us/therapists/madelynn-dailey-west-des-moines-ia/1447784
Daisies and Decor,Daisiesanddecor.com
Dancing With Miss Maddy,https://www.facebook.com/share/1HF3Fn65yJ/?mibextid=wwXIfr
"Darner Therapy, pllc",www.darnertherapy.com
Daybreak Counseling Inc.,Www.daybreakcounselinginc.com
DeGonia Editing LLC,https://degoniaediting.com/
Des Moines Community Playhouse,www.dmplayhouse.com
Des Moines Girl ,https://www.desmoinesgirl.com/
Des Moines Mercantile,www.desmoinesmercantile.com 
Des Moines Strong,www.dsmstrong.com
Des Moines Young Artists' Theatre,www.dmyat.org
Dinner Delights,Www.mydinnerdelights.com
Dinner Dispatch ,www.dinner-dispatch.com
Dinner Dispatch ,Www.dinner-dispatch.com
DinoCat Studio,https://www.dinocatstudio.com/
Distinctions,www.facebook.com/shopdistinctions
Diversions Games & Cafe,www.diversionsic.com
Divine Times Vintage,Instagram.com/divinetimesvintage
DJ DAS Entertainment,www.dj-das.com
DM Wellness & Yoga,Www.dmwellnessyoga.com
Dog-Eared Books ,https://dogearedbooksames.com/
Domestic Bones,Domesticbones.com
"Dr. Cora Schuhmacher, Psy.D.",Doctorcora.com
"Draconis Entities, LLC",Eden Draconis (FB page)
Dragonfly Books ,www.dragonflybooks.com
Dragonfly Creations ,https://www.facebook.com/share/193Wm3DaxJ/
Drake Grants & Consulting,http://www.drakegrantsconsulting.com/
Dreamwell Theatre,https://www.dreamwell.com/
"Drew Therapy and Counseling Services, LLC ",www.drewtherapy.com
Driftwood Family Therapy,Driftwoodfamilytherapy.com
DSM Stash,Instagram.com/dsmstash
DSM5 - Amazon,Amazon.com
Dulce Vida Desserts LLC ,
Dungeon’s Gate,www.dungeonsgate.com
East Asian Medicine,www.cindyboland.com
East Asian Medicine ,www.cindyboland.com
East Fifth Studio,www.eastfifthstudio.com
East Village Spa,https://evdayspa.com/
Easton Design + SummerBrook Media,www.easton.design
Eastside Chiropractic Clinic,www.eastsidechiropracticclinic.com
Ebony Jewelwing Folk Medicine,ebonyjewelwing.com
EDEN,edeniowa.com
"Edie Montreux/Monte, Author",https://www.ediemontreux.com/
Eggs and Jam,Eggsandjamwdm.com
Either/Or Eatery & Patio,www.eitherordsm.com
Elevencherry Salon ,www.elevencherrysalon.com
Elida's Bakery ,
Ellen Fowler Realtor/ Robyn's Homes LLC,https://ellenfowler.pinnaclerealtyia.com/
Elliott Art Studio,www.elliottartstudio.com
Elsner Photography ,https://www.facebook.com/share/19bWqjdud3/?mibextid=wwXIfr
"EM Counseling, LLC",https://emcounselingllc.squarespace.com
Ember Neurospa + Yoga,https://www.tiktok.com/@twopinacoladas?_t=ZT-8uIOhIZvbi6&_r=1
Embody Bridal,www.embodybridal.com
Embrace the Muchness LLC,Www.embracethemuchness.com
Emerald Fox Creations,Emeraldfoxcreations.com
Emily Found It,Www.emilyfoundit.com
"Emily Miller, REALTOR with Century 21 Signature Real Estate ",https://www.instagram.com/emilymillerrealtor_dsm/
Emma Steinick Esthetics ,https://www.instagram.com/emmakaymua/
Employee & Family Resources ,www.efr.org
Empowered Healing Therapy LLC,https://megan-devore.clientsecure.me/
Empoweress Studios,https://www.facebook.com/share/A5gEvc9EQSQHB1jd/
Encore Fitness,Encorefitnessdsm.com
Engaged Early Education,www.engagedearlyeducation.org
Enhance Performance Therapy,www.enhanceptdsm.com
ephemera,www.ephemeradesign.com
Era Events & Design,https://www.eraeventdesign.com/
Ernst Funeral Home,Ernstfuneralhome.com
Esteem Electrology,https://www.esteemelectrology.com/
Exhale by Amanda,www.exhalebyamanda.com
Faerie Dog Grooming Salon,allmylinks.com/faeriedoggrooms
Fenders Brewing,www.fendersbrewing.com
"Fiedler Law Firm, PLC",Www.employmentlawiowa.com
Fire & Fern Content Creation,https://www.instagram.com/fireandferncreative?igsh=aG9zN3dyejEwZ2o2&utm_source=qr
Fireweed Acupuncture ,www.fireweedacupuncture.com
First Fleet Concerts,https://www.firstfleetconcerts.com/
Five Miles North Marketing ,https://www.fivemilesnorthmarketing.com/
Five Monkeys Inc,Www.fivemonkeysinc.com
fix! Coffee,instagram.com/fixcoffeeic
Flatlander Creative Co.,Flatlandercreative.com
Flawless Paws Altoona,
"Fleming Music Therapy, LLC",https://flemingmusictherapy.org/
Fleur Cinema & Cafe,https://fleurcinema.com/
Fontenelle Supply Company,www.fontenellesupplyco.com
FORAGED • FARMED • FOUND,instagram.com/foragedfarmedfound
Forcier Law Office PLLC,Cedarvalleylawyers.com
Foxglove Chiropractic LLC,www.foxglovechiropractic.com
Function & Flow Massage Therapy,https://www.massagebook.com/therapists/function-flow-massage-therapy
Fuzzy's Taco Shop Des Moines (dba),https://www.facebook.com/FuzzysDSM
Galvin Estate Sales,https://m.facebook.com/galvinestatesales/
Gameday,www.gamedaykcsf.com
Gameday Lanes,www.gamedaylanes.com
Garden Restaurant and Show Lounge,GRDN.com
Gilger Designs ,Gilgerdesigns.com
Giller Consulting Group,gillerconsultinggroup.com
Girl With A Sword Productions ,Girlwithaswordproductions.com
"Glendandy Marketing, Inc",glendandy.com
Gnarlyroots in Retrograde,IG: @gnarlyrootsinretrograde
Gold Dome Buildings,Golddomebuildiowa.com
Golden Hour,Www.goldenhourdsm.com
Golden Magnolia Sanctuary,Goldenmagnoliasanctuary.org
Good Burt Media and Burt Management ,goodburtmedia.com
Good Day Treasures,https://m.facebook.com/GoodDayTreasures/
Good Karma Creations,https://www.shopgoodkarmacreations.com/s/shop
Good Karma Creations ,https://www.shopgoodkarmacreations.com/
Good Milkshake Digital,GoodMilkshake.com
Gourmet & Groove ,https://www.facebook.com/share/1Be7k94TMd/
Grand Entrance Tattoos & Cosmetics ,www.grandentrancetattoos.com
Gravitate Coworking,www.gravitatecoworking.com
Green Ivy Creative,greenivycreative.com
Green Peace Collective,https://www.instagram.com/ragu_glass86/
Greene Bean Coffee,www.greenebeancoffee.com
Grooming by Victoria,https://www.facebook.com/share/164v8tfVPF/?mibextid=wwXIfr
Grounded by The Collective,https://www.instagram.com/grounded_thecollective/
Guerrilla Graphics,Www.guerrillagrfx.com
"Hadar Mfg., Inc. ",Hadarathletic.com
Hair by Betsy ,HairbyBetsy.com
Hair By Misty Hutton,Mrsmistyhutton@instagram
Hair by Sammy Majewski,www.instagram.com/hairbysammymajewski 
Hair by Tara Jo,https://m.facebook.com/hairbytarajo/
Hands to Hearts Custom Sewing,@HandstoHeartscustomsewing
Hannah Banana Fabrics ,https://hannahbananafabrics.com/
"Hannah Garrison, realtor",@realtorhannahgarrison 
Hannah Johnston LMT,vagaro.com/HJohnstonLMT
"Hannah Moeller Coaching, LLC",Hannahmoellercoaching.com
"Hannah Vander Veer, Realtor",https://www.sundancerealtyiowa.com/hannah-vander-veer
"Happy DSM, LLC",happydsm.com
Harbinger ,Harbingerdsm.com 
Hardline Coffee Co.,hardlinecoffeeco.com
Harmony Clay Co. ,https://www.instagram.com/harmonyclay.co?igsh=amxyajhkM3Eycmty&utm_source=qr
Hat Trick Renovation ,www.hattrickrenovation.com
Hatten Therapy Co. ,Www.Hattentherapy.com
Hayes Creative,https://www.hayes-creative.com
HEA Book Boutique ,www.heabookboutique.com
Healing Collective LLC,Www.healingcollectivecounseling.com
Healing Haven,https://www.facebook.com/mindbodyspirtcare
Healing Lotus Massage LLC,http://healinglotusiowa.com
Healing Therapies,
Healing with Heart Massage Therapy,http://healingwithheart.massagetherapy.com
"Heart and Solutions, LLC",www.heartandsolutions.net
Heartland Surrogacy,www.heartlandsurrogacy.com
Heartland Wedding Ideas Magazine,HeartlandWeddingIdeas.com
Heaven Bound Tattoos LLC,www.facebook.com/heavenboundtattoos
Heins Design,https://www.heinsdesign.com/
Hello Darlin’ Glam,www.hellodarlinglam.com
Hello Neighbor Art,https://helloneighbor.art/
"Hello, Marjorie, Secret Admirer, Good News, Darling",https://www.instagram.com/secretadmirerdm?igsh=MWg1bHl3ZzA1Z21qaw==
Herbrand,
Hernandesignco.,https://www.hernandesignco.com
Heroic Hair,heroichairames.com
High life lounge ,Facebook.com
Higher Education Licensure Pros LLC,Www.higheredlicensurepros.com
Hinterland Music Festival,https://www.hinterlandiowa.com/
Hive Interiors,www.hivedsm.com
Hola Center of Iowa,Holacenter.org
Holistic Connections Family Counseling,https://holisticconnectionsfamilycounseling.com/
Holistic Healing Massage ,Holistichealingmassagellc.abmp.com
Holt Portrait Design,Www.facebook.com/holtportraitdesign
Home Ec Workshop,Www.homeecworkshop.com
Home Sweet Des Moines - Realty ONE Group Impact,Www.homesweetdesmoines.com
Homemade By Mama Store,Facebook: @homemadebymamastore
Homes by Andraya,Instagram.com/andrayas or homesbyandraya.com
Homestead Chiropractic,"www.homesteadchiroqc.com , Instagram: homesteadchiropractic"
Hometown Heroes BBQ and Catering,https://www.hometownheroesbbqandcatering.com/
Honey Lens Photography,www.honeylensphotography.net
honey’s custom home services,honeyscustomhomeservices (instagram)
Horizon Line Coffee,www.horizonlinecoffee.com
HOTORI LLC,@hotorimarket
House Of Glass,https://thehogia.com
House of Travel,www.houseoftraveldbq.com
Howell Tree Farm,https://www.howelltreefarm.com/
Huckleberry Home,
Human Restoration Project,https://www.humanrestorationproject.org/
Human to Human Counseling,https://www.humantohumancounseling.com/clinicians
Humble hands harvest,humblehandsharvest.com
Hustle & Haircuts,https://lexijeske.glossgenius.com/
Hyde & Seek,https://www.facebook.com/hydeandseekstore
Identity LLC,Identityames.com
Illuminate Hair Space ,vagaro.com/illuminatehairspace
Illuminate Life Therapy ,Illuminatelifetherapy.com
Imperfect Pathways ,www.imperfectpathways.com
Indigo Aura Spa ,www.indigoauraspa.com
Indigo Lotus Salon,https://www.instagram.com/angelcrouse?igsh=MW9qb201ZnBxNzBlMw==
Indigo River & Co. ,www.indigoriverandco.com
Informatics inc,Www.informaticsinc.com
Inner Space,www.innerspacedsm.com
Insight Therapy Group PC,Www.insighttherapygroup.com
Interiors and More LLC,@interiors_etc.facebook
International llc,
Iowa City Autism Community,https://www.facebook.com/groups/1396397533995087
"Iowa family chiropractic (DSM, Altoona, Ames and Ankeny)",Www.iowafamilychiropractic.com
Iowa Family Counseling,www.iowafamilycounseling.com
Iowa Food Cooperative,https://shop.iowafood.coop/
Iowa Harm Reduction Coalition ,Www.iowaharmreductioncoalition.org
Iowa Queer Student Alliance,https://iowaqsa.wixsite.com/iowaqsa
Iowa Rainbow Businesses ,Iowarainbowbusinesses.com
Iowa Speech Solutions,www.iowaspeechsolutions.com
Iowa Speech Solutions,www.iowaspeechsolutions.com
Iowa Stage Theatre Company,https://www.iowastage.org/
Iowa Wildcraft,Facebook.com/iowawildcraft
Iris & Ivy,irisandivy.net
Iris Aisle ,Www.irisaisle.com 
Ivy Boyd Makeup ,https://www.ivyboyd.com/
J Tobin Hair @ Sola salon studios,
J.c. flooring ,Facebook ( Meta)
Jacki Hayes LLC,https://www.jackihayes.co
Jackie Byers LMT,Jackiebyers.glossgenius.com
Jade Rabbit ,Instagram.com/jaderabbit.studio
Jade rabbit studio,instagram.com/jaderabbit.studio
Jaime Hough,www.jaimehough.com
Jaina Olson Photography ,Www.Jainaolsonphotography.com
Jamie Tobin Photography,Jamietobinphotography.Com 
Janes DSM,www.janesdsm.com
Jasper Chung Photography,www.jasperchungphotography.com
JCB Creative,jcb-creative.com
Jess Desserts ,Jessdessertsdsm.com
Jess Thorius Photography,https://jessthoriusphotography.mypixieset.com/
Jett and Monkey's Dog Shoppe,jennifer@jettandmonkey.com
Jill Neil Photography,www.jillneilphotography.com
JMavin Massage,https://jmavinmassage.com/
JMG Therapy and Counseling LLC,www.jmgtherapy.com
Joe Crimmings (photographer),Joecrimmingsphoto.com
Jon Wilson Photography,Jonwilsonphotography.com
Joujou,joujoudsm.com
Jovisuals,https://jtallen01b475.myportfolio.com/welcome
JScott Images,www.facebook.com/jscottimages
Julianne Gregory Photography ,https://www.facebook.com/share/1Y2TRYYS3m/?mibextid=wwXIfr
Just a Smidge Vjntage,instagram.com/@justasmidgevintage
Kait David Salon,kaitdavid.com
Kaitlyn’s Pupcakes ,www.kaitlynspupcakes.com
Kalon Bridal Studio,https://kalonbridalstudio.com/
Kari Taylor State Farm Agency,www.karitaylorinsurance.com
Katie McDonald Photography,www.katiemcdonaldphotography.com 
Keep Up Entertainment,https://m.facebook.com/61569510531416/
Ketana Massage & Bodywork,www.Ketana.co
KIN DSM ,https://www.kindsm.com/
Kindred Coffee,https://www.instagram.com/kindredcoffee_?igsh=MWpqMWduNzZiam9lMw%3D%3D&utm_source=qr
Kindred Hope Therapy,https://www.psychologytoday.com/us/therapists/samantha-wepking-des-moines-ia/1456174
Kismet Coffee & Bloom,kismetcoffeebloom.com
Kitchen Amor,Kitchenamordsm.square.site 
Kitchen Collage ,Mykitchencollage.com
KMP Photography,www.kmpphoto.com
Knead Massage Therapy,KneadMassageAdel.com
Knick's Fabrication LLC ,Https://knicksfabricationllc.com
Knox Canine Training,https://www.knoxcanine.com/
Krafted Beauty Co,Kraftedbeauty.co
Kroger,
Kunzler Studios,Www.kunzlerstudios.com
Kynlee Beau Photography,https://www.instagram.com/kynleebeau?igsh=MWMxZnU5a21ucGQ1NQ%3D%3D&utm_source=qr
Labyrinth Coffee,labyrinthcoffeeames.org
Lachele’s,instagram.com/@lachelesfinefoods
Larkspur Live Productions,Www.larkspurliveproductions.com
Lauren Matysik Photo,www.laurenmatysik.com
"Laurie Geest, LMT",Www.lauriegeest-lmt.com
Laurie Hoifeldt,https://www.hoifeldtfineart.com/
LBL,Shoplblnow.com
LC Sheppard Salon,LCSheppard.com
Leona Ruby,LeonaRuby.com
Lesbians of Iowa,https://lesbiansofiowa.org/
LifeWorks,lifeworksdm.com
"Lindsey Aaron, Realtor",https://www.facebook.com/LindseySellsIowa
lindseymollenhauer@gmail.com,https://theateliersalon.glossgenius.com/
Liquid Swords Tattoo,instagram.com/@liquid_swords_tattoo
Lisa Ferretti LISW,https://www.psychologytoday.com/us/therapists/lisa-ferretti-cedar-rapids-ia/302705
"Little Crafting Panda, LLC",Www.littlecraftingpanda.com
Little Data Solutions,www.littledatasolutions.com
Little Lion Eclectics Vintage Home Furnishings,Instagram.com/littlelioneclectics
Little Red Schoolhouse,www.facebook.com/shoplittleredschoolhouse
Little Scratch Coffee Roasters,LittleScratchCoffee.com
Local Lore Music Co.,https://www.facebook.com/share/1FBQtN8XpJ/?mibextid=wwXIfr
Locust Grove Farm Co.,www.locustgrovefarmco.com
Loess Hills Dog Grooming,instagram.com/@loesshillsdoggrooming
Lotus Moon Ceramics LLC,LotusMoonCeramics.com
Lovan Salon,www.lovansalon.com
Love Life Pole Studio,LoveLifePole.com
Loyal Sons Barber Shop,www.loyalsonsbarbershop.com
Loyal Sons Barber Shop,Loyalsonsbarbershop.com
Lua Brewing,www.luabeer.com
Lucky Lotus,https://www.luckylotusdsm.com/
Lucky Star Farm,Www.theluckystar.com
Lust for Life Event Planning + Wedding Design,https://lustforlifeevents.com/
Lynette Tamlin Photography,Lynettetamlin.com
"Lynne Vestal Counseling, PC",www.lynnevestalcounseling.com
M Squared Spa LLC ,www.msquaredspa.com
Mad Clean,
Maddy Fusco Illustration ,maddyfuscoillustration.com
Made by B.,https://www.facebook.com/profile.php?id=61563288944061
Made in the Midwest,https://shopmadeinthemidwest.square.site/?fbclid=IwY2xjawIstSJleHRuA2FlbQIxMAABHTMEhxDyzeeXROcrQPJmooFXb06LoWNbniUlQgyFS2Hq023APFgt2PKOVw_aem_yJGN590Zc9Ey_yH96XxXPQ
Maggie J Jewelry,www.maggiejoynt.com
Mainframe Studios,https://www.mainframestudios.org/
Make It Happen Events,
Making Space Therapy LLC,https://www.makingspacetherapyllc.com/
Mandala Bodywork and Skin Therapeutics ,Mandalabst.com
Mandala Financial Advisors,https://mandala.financial
Mandi King Yoga,https://mandikingyoga.my.canva.site/
Mandi Schirm Photo,Mandisphoto.com
Manscapes Lawn & Garden ,ManscapesLawnCare.com
Margaret McCann Hair ,Instagram- @margaretmccannhair
"Marion Dental, PC",www.mariondental.org
Marmalade Moon,marmalade-moon.com
MARNE,www.shopmarne.com
Mary Rose Collective,www.facebook.com/maryrosecollective
Mason freeman,instagram.com/@mfreeman37
Massages by Malia ,https://www.maliahansenmt.com/
Mateos Cleaning Services LLC,https://www.facebook.com/share/15w4CaTUvw/?mibextid=wwXIfr
"MB Therapy, PLLC",https://www.psychologytoday.com/us/therapists/mackenzie-behof-cedar-rapids-ia/826041
McCormally & Cosgrove Law Firm,https://www.mciowalaw.com
MD Girls Consulting ,Facebook.com/Mdgirlsconsulting 
Meaningful Connections,https://www.psychologytoday.com/us/therapists/emily-loynachan-west-des-moines-ia/1217020
Meaningful Meals LLC,www.mealsbylaura.com
"Measure, Inc.",https://www.designmeasure.com/
Meis Construction and Painting,Onesocialmedialink.com
Meld Marketing,Meldmarketing.com
Mercantile 1028,https://www.facebook.com/share/1D3kEdupm9/?mibextid=wwXIfr
Michelle Golden Hairstylist ,www.michellegoldenhair.com 
Mid-Century Motors Upholstery Restoration,www.mcmotorsandrestoration.com
Milk & Honey,Milkandhoneyiowa.com
"Mind, Body, Babies",www.instagram.com/mindbodybabies 
Mindspring Mental Health Alliance,www.mindspringhealth.org
Mins Studios KPop & Gifts,https://www.minsstudios.com/
Mireu Martial Arts USA ,www.mireumartialartsusa.com
Mitzi’s Kitchen & Cocktail’s,Mitziswdm.com
MmmBap Korean,facebook.com/MmmBapDSM
MoMere,momere.com
Monarch Events Co,Www.monarcheventsco.com
Monarch Moon Marketing,https://www.monarchmoonmarketing.com/
MONO Ceramics ,Instagram.com/monoceramics_
Moonstone Counseling PLLC ,https://www.psychologytoday.com/us/therapists/danielle-ballard-green-des-moines-ia/798457
Moonstone Homebirth,Www.moonstonehomebirth.com
Moonwake Collaborative ,Www.moonwakecollaborative.com
Morbid Munchies,https://www.facebook.com/share/1EmjqcVJMy/?mibextid=wwXIfr
Morning Bell Coffee Roasters,morningbellcoffee.com
Mosaic Family Counseling Center Inc ,www.mosaicfamilyinc.com
Motherhood Matters,motherhoodmatterswellness.com
Motion Studio LLC,Motion Studio LLC (Facebook)
Mr Speedy Locksmith of Cedar Rapids,https://cedar-rapids-speedy-locksmith.com/
Ms. Jen Alexander LLC,MsJenAlexander.com
Music Works Iowa,Musicworksiowa.com
Myo Massage Therapy,https://www.instagram.com/kweiland16?igsh=MWUxN3NsdDFhYnh6eg%3D%3D&utm_source=qr
Mystic School of Massage & Healing Arts,https://www.facebook.com/manywaystoheal
NAMI Johnson County,NAMIJC.org 
"Natalie Lyons, Realtor - Realty ONE Group Impact ",https://natalielyons.myrealtyonegroup.com/
Nature Nook Miniature Golf,https://www.facebook.com/NatureNookGolf
Neat and Navy Blue,neatandnavyblue.com 
New Beginnings Christian Church,www.newbeginnings-cc.org 
New Moon Counseling Alliance,https://www.newmooncounselingalliance.com/
New World Kitchen,newworldkitchendsm.com
Nexus Group USA Inc.,www.nexusgroupusa.com
Nicole Harnois Photography,www.nicoleharnoisphotography.com
Nix & Birch Counseling,https://www.nixandbirchcounseling.com/
No Coast Candle,Www.nocoastcandle.com
No Escape Iowa,Www.noescapeIowa.com
Noble House Kava,www.noblehousekava.com
Nomadizens LLC,https://www.instagram.com/nomadizens
Oakley’s Nerd Nook,www.oakleysnerdnook.com
Octagon Center for the Arts,Www.octagonarts.org
Of Moss and Flames,www.ofmossandflames.com
Off the Rails Quilting ,www.offtherailsquilting.com
Oh High Cookies,Ohhighcookies.com
Olio Oddities,https://oliooddities.square.site/
Olivia Katherine Photography,www.oliviakharding.com
On Pitch,on-pitch.com
On The Spot w/ Ryan Kolder,Www.onthespotdsm.com
ONE Dance Project,
Optimae LifeServices,https://optimaelifeservices.com/
OVR Boudoir,www.ovrboudoir.com
Palomita,Www.wearepalomita.com
Pals for Paws Petsitting,Palsforpawspetsitting.com
Paper Crane,www.papercraneic.com
"Party On, Des Moines! LLC",Partyondesmoines.com
Past Present Future Publishing,www.ppf-publishing.com
Paw Prints Pet Services of Oskaloosa,instagram.com/naturewulfe
Pearson Mental Health Therapy ,Www.Pearsonmentalhealththerapy.com
Peterson Holistic Lifestyle Medicine ,www.petersonholistic.com
PhantasIA Events LLC,Www.phantasiaevents.com
Photography By Kimberly Murphy ,www.photographybykimberlymurphy.com
PhotoSynthesis,HTTP://www.photosynthesisia.com
Pie Bird Pies,https://www.instagram.com/piebirdpies/
Pied Piper Studios,www.piedpiperstudios.org
Pies & Pastries by Lana,https://piesandpastriesbylana.com/
Pints by Beth,www.pintsbybeth.com
Piper Neumann Hair,Instagram: @piperneumannhair
Piper Psychotherapy PLC,www.piperpsychotherapy.com
Plain Talk Books & Coffee,https://raccoonforks.com/plaintalk/
Plant Life Designs,www.plantlifedesigns.com
Plant Nannies ,Www.plant-Nannies.com
Planted Wellness Spa,https://www.vagaro.com/plantedwellnessspa
"Pocket IT, LLC",https://nextdoor.com/pages/pocket-it-llc-des-moines-ia?init_source=org_pages&utm_campaign=1740739965069
Polk County Health Department,https://www.polkcountyiowa.gov/health-department/
Popinjay Press,popinjaypress.com
Poppa Nick’s Popcorn,poppanicks.com
Pour People Podcast,https://www.instagram.com/pourpeople.podcast?igsh=ajAybjJodDR2eXU3&utm_source=qr
Prairie & Flame,Www.prairieandflame.com
Prairie Home and Garden,https://www.instagram.com/p/DGjaxEPxV1O/?img_index=2&igsh=MWhvajNnZDZ5a3JjNQ==
Prairie Lights Books,https://www.prairielightsbooks.com/
Prairie Rose Desserts ,"www.prairierosedesserts.com,  @prairierosedesserts"
Prairieland Herbs,Prairielandherbs.com
Premier Counseling Professionals,Www.premiercounselingprofessionals.com
Preservation ,https://shoppreservation.com/
Preservation Corps United,www.preservationcorpsunited.com
Press Coffee,www.presscoffeeco.com
Pretty Nifty LLC,https://www.facebook.com/PrettyNiftyCleaningCo/
Prickly Ash Kitchen Cooperative,https://www.pricklyash.coop/
Pride Fitness DSM,www.pridefitnessdsm.com
Pride on the Riverfront,www.btownpride.com
"Prism Therapy Solutions, LLC",prismtherapysolutions.com
"Pristine Clean, LLC ",https://m.facebook.com/pristineccompany/
Professional Contrarian,Professionalcontrarian.com
Progress Muscatine - Muscatine County LGBTQIA+ Equality Coalition,www.progressmuscatine.org www.Muscatineequalitycoalition.com 
Project Isaiah,https://linktr.ee/projectisaiah
Project Rainbow of Iowa,projectrainbowofiowa.org
Project7 Design,Www.p7design.com
Public Space One,publicspaceone.com
Pure Restore Spa,https://purerestorespa.glossgenius.com/
Purple Clover Counseling LLC,https://www.psychologytoday.com/us/therapists/cara-kayse-cedar-rapids-ia/1293281
Purple Pincushion,www.purplepincushion.shop
Raccoon Forks Trading Company,https://raccoonforks.com/raccoon-forks-trading-company/
Rachelle Little & Company,https://www.rachellelittle.com/
Rad Bonnie's Vintage ,https://www.radbonniesvintage.com/
Railroad Bill's Dining Car,https://raccoonforks.com/railroad-bills-diner/
Rainbow Restoration of South Central Iowa,www.RainbowOfSCI.com
Rainbow Wellness Chiropractic,https://rainbowwellnesschi.wixsite.com/rainbow-wellness
Raven and Magnolia,www.ravenandmagnolia.com
RAYGUN,www.raygunsite.com
RC Lawn Care,RC Lawn Care on facebook
Rebekah Photography,Www.rebekah-photography.com
Rebekah Stewart Photography,www.RebekahStewartPhotography.com 
Red Couch Counseling,www.redcouchcounselingdsm.com
Red House Remodeling ,Redhouseremodeling.com
Red Owl Tattoo,Instagram.com/redowltattoo
REG Investments LLC,https://www.instagram.com/houseoffunkdsm/
REGEN at Ruhl&Ruhl REALTORS,https://www.ruhlhomes.com/agents/regenjohnson/
Reimer Chiropractic ,
Relax'n Bodyworks,relaxn-bodyworks.square.site
Resident of Iowa,Lorihaakinson@gmail.com
Revival,
Revival Massage Studio,Revivaldsm (on instagram)
Rhythm & Pep,https://www.facebook.com/share/1A4LQDsvGa/
"Rise Therapy, LLC",https://risetherapyllc.theranest.com/home/signin?ReturnUrl=%2Fappointments%2Fview%2Ffor-02-19-2025%2Fweek
River Center Events and Catering,https://rivercenterdsm.com/
River Rose Counseling LLC,https://joanna-scott.clientsecure.me/
River to River Bakery & Pizza,https://raccoonforks.com/rivertoriverbakery/
Riverdogs Adventure Camp ,https://www.facebook.com/share/14mcuiNv5a/
"Robyn Harms, LMT",Robynharmslmt.com
ROC-P ,Www.Roc-P.com
Roccasecca Fitness,https://www.roccasecca.fitness
Rook Room Game Lounge & Cafe,https://www.therookroom.com
Room 1021,www.room1021.com
Room for All,www.roomforall.com
Rooted Reflections LLC ,https://www.psychologytoday.com/us/therapists/brittany-orzola-waterloo-ia/1025131
Rooted Therapy,https://www.rootedtherapyia.com/
Rooted Yoga + Fitness,rootedyogaandfitness.com
Roots & Wings Educational Services ,www.dsmrootsandwings.com 
Ross for Council,Rossforiowacity.com
Rubric Legal PLLC,www.rubriclegal.com
Running Home - Stefanie Running Anderson Real Estate Agent,https://www.facebook.com/RunningHomeDSM/
Rush Street Photography,Www.rushstreetphotography.com
Sa.Bliminal Photography,https://www.sabliminalphotography.com/
Sacred Roots Counseling PLLC,www.sacredrootscounseling.com
Safe Paws Iowa ,Safepawsia.org
Sage Collective ,
Sage Counseling And Wellness ,https://sagecounselingwellness.com/
Sage Therapeutic Massage ,https://sagetherapeuticmassage.my.canva.site/original
Salem United Methodist Church,salemchurch.life
"Samantha Busch, Travel Advisor",Instagram - Samantha Busch Travels
"Sampson Family Therapy Services, LLC",www.sampsonfamilytherapy.com
Sara Hopkins Real Estate Team,https://www.sarahopkinsrealtor.com/
Sara Johansen Photography ,www.sarajohansen.com
Scenic Route Bakery ,instagram.com/Scenicroutebakery
Schiada Events ,https://www.pjspartyrental.com/party_event_rental.html
Schnell Landscaping,"https://www.google.com/search?client=safari&sca_esv=4011b7afb12cb83c&hl=en-us&sxsrf=AHTn8zpHw3XZg1_ugOMI3midXUT6rtWspw:1740615426199&q=schnell+landscaping+llc+photos&si=APYL9bscZpjn3_6X199NmFjPBARRV0xSGKg4D2BCi30CgM2FOxKXQznyI0OkPTSXv1gSueDWsq0qft_W5KBEN4TdzOBiYXCm4rUc0jznTNySCj9kcqhySOskf3R4WB7aUSqORmgLKDALDaeAdPdtwxChMPJm35-77A%3D%3D&sa=X&ved=2ahUKEwjo0rKSyuKLAxWaJNAFHew6NYoQvsQGegQIHBAv&ictx=1&biw=414&bih=831&dpr=2#ebo=0&lpg=cid:CgIYEg%3D%3D,ik:CAoSLEFGMVFpcE5RMF9fUUxoUDRTc0R4b1FyanB5TkcyNnlSZkNMcFdPN2hYLW85"
Schoolhouse Sweets,instagram.com/schoolhouse.sweets
Second Reflection Photography LLC,https://www.facebook.com/share/1ASQSETwJh/?mibextid=wwXIfr
Select Entertainment ,
Sequel Architecture + Interiors,http://sequelarchitecture.com
Serenity Family Chiropractic ,Www.serenityfamilychiro.com
Serenity Massage & Energywork,https://www.serenitymassageandenergywork.com
Serv'd Events,https://servdevents.com
Shared Existence LLC,Www.sharedexistencellc.com
Shay Peck Photo Co.,shaypeckphotoco.com
She Lids ,https://www.facebook.com/share/1HLjz1dKdo/?mibextid=wwXIfr
Shear Attraction Hair Salon ,Shearattraction.hairsalon colfax IA
Shelby Brewer Vocal Studio,https://m.facebook.com/p/Shelby-Brewer-Vocal-studio-100054295687419/
Sherry Schneekloth Tax Service ,
ShineOn designs/More Time,Shineondesigns.com and moretimejefferson.com
Shipley Schoolhouse LLC,https://www.instagram.com/shipley_schoolhouse?igsh=Mm8zYmx1eXcyOG5x
Sidekick Coffee & Books,sidekickcoffeebooks.com
Sift n Sprinkle,Siftnsprinkle.com
Silver Linings Counseling,Www.silverliningsdsm.com
"Simplify & Organize, LLC",www.simplify-and-organize.com 
Simply Stunning Events,www.sseventsia.com
SingleSpeed Brewing Co.,https://www.singlespeedbrewing.com/
Sip N Burn liquors,https://maps.app.goo.gl/Az33amFLZEBdnekn6?g_st=com.google.maps.preview.copy
Sjc Photography ,https://sjcphotography42.mypixieset.com/
Skeffington's Formal Wear,Www.skeffingtons.com
Skin By Knight ,Www.skinbyknight.com
Slick Designs,Www.slick-designs.com
Smart Cookie LLC,http://www.facebook.com/groups/smartcookiewaukee/
Smash food trailer,https://www.facebook.com/SMASHFoodTrailer/
Snacky Mini Mart,@Snacky_Mini_Mart (Instagram)
"Snyder Strategies, LLC",www.snyderstrategies.me
Soirée Wedding Planning,soireeia.com
Solace Therapy and Consulting,https://www.solacedsm.com
Sold by Amy Meyer ,soldbyamymeyer
SOLD By Jason - RE/MAX Concepts ,https://www.facebook.com/share/18dLJ3YNqP/
Somatic Peace Therapy,Www.somaticpeacetherapy.com
Soothe,www.SootheIA.com
Soul Companion Services ,Soulcompanionservices.com
Speckled Hen Farms ,www.speckledhenfarmsiowa.com
Spirit Lady Co,www.spiritladyco.com Instagram: @spiritladyco   Facebook: Spirit Lady Co
St. Andrews Lutheran Church,https://standrewsames.org/
St. Paul’s United Methodist Church (Cedar Rapids),www.stpaulsumc.org
Stallie's Sweets,stalliessweets.com
"Starting New Chapters, LLC",StartingNewChapters.com
Steinmann Family Health Clinic,https://www.steinmannfamilyclinic.com/
"Stephanie  Pearl, Realtor",StephanieSPearl.com
Stoked,Stokeddsm.com
Storyhouse Bookpub,https://storyhousebookpub.com/
Strange Hair Studio,https://linktr.ee/strangelauren?utm_source=linktree_profile_share&ltsid=60e31dc9-c038-4ab7-95aa-27f6b6324e6e
Studio B,halliebaur.com
Studio Fusco,Instagram.com/studiofusco
Studio Osky,https://www.facebook.com/share/18qu1WESJd/?mibextid=wwXIfr
Sugar Valley Collective,https://sugarvalleycollective.com/
Sunrise Builders ,sunrisebuildersia.com
Sunset Nutrition Consulting,Instagram - stephalise_rd
Sweet Season Farm,sweetseasonfarmiowa.com
Sweet Story Photography,www.sweetstoryphoto.com
Sweet Swirls Rolled Ice Cream,sweetswirlsicecream.com
Sydney Madison Creative Videography,www.sydneymadisonvideography.com
Tactical Fitness LLC,www.tacticalfitness515.com
TalkPlay Junction,Www.talkplayjunction.org
TandemHart Design & Paperie ,TandemHart.com and TandemHartPaperie.com
TapOnIt,Www.taponit.com
Tattoos by Haley S,https://www.instagram.com/tattoos.by.haley.s?igsh=MTUxZzY2emQydjdkYw%3D%3D&utm_source=qr
Taylor Phillips Hair Stylist,@cosmotay_
Teddy’s,https://linktr.ee/DOTYZO
The 29th State,Www.iowathe29thstate.com
The Abell Baker,Www.facebook.com/theabellbaker
The Bartender’s Handshake,thebartendershandshake.com
The Breakfast Club,https://www.thebreakfastclubusa.com/
The Broom Closet,https://www.facebook.com/TheBroomCloset2014
The Broom Closet & Healing Haven South,https://www.facebook.com/juju4yousouth
The Bungalow in Winterset ,https://www.facebook.com/TheBungalowInWinterset/
The Centennial,thecentennialjefferson@gmail.com
The Cheese Shop of Des Moines,www.thecheeseshopdsm.com
The Children's Center,thechildrenscenter50129.com
THE COLLECTIVE,www.thecollectivedsm.com
The Contrary,@thecontrarydsm (instagram) 
The Cranky Mandrake LLC,Facebook.com/cranky.mandrake
The Dealt Hand,thedealthand.com
The Discerning Hoarder,https://www.instagram.com/thediscerninghoarder
The dsmSOLD Team at Keller Williams Legacy Group,dsmSOLD.com
The English Rose,WWW.Theenglishrosedsm.com
The Finch & Oak Massage Studio,https://www.massagebook.com/biz/the-finch-oak-massage-studio-
The Getup,www.getupdecorah.com
The Good Co.,www.thegoodcodsm.com
The Green Dragon Bookshop,thegreendragonbookshop.com
The Green House,www.thegreenhouseic.com
The Grey Collective ,thegreycollectivephoto.com
The Half Nelson,www.thehalfnelson.com
The Hangry Lady ,www.thehangryladyia.com
The Insomniac Bookshop,www.theinsomniacbookshop.com
The Iowa Children’s Museum,www.theicm.org
The Kissed Peach,www.thekissedpeach.com
The Le Mars Arts Center,lemarsarts.com
The Left Bank shop and gallery,Leftbankshopandgallery.org
The LiFT,"dmlift.com, @dmlift on Instagram "
The Little Book,www.thelittlebookdsm.com
The Little Rolling Pin Bakery,https://thelittlerollingpinbakery.square.site 
"The Magic Mainframe, LLC",https://github.com/the-magic-mainframe/
The Monticello Motel,www.themonticellomotel.com @themonticellomotel
The Nusser Team - Urban Acres Real Estate,https://www.facebook.com/share/1C3DHRRVPV/?mibextid=wwXIfr
The O-Zone,https://www.facebook.com/share/18R37PMqv8/
The Peerman Group ,Www.drcelinapeerman.com
The Period Collective Iowa,Instagram.com/theperiodcollectiveiowa
The Photician: Portraits & Fine Art,www.photician.com
The Pink Poppy Apothecary & Co.,Facebook @thepinkapothecary
The Project of the Quad Cities,www.tpqc.org
The Ragged Edge Art Bar and Gallery,www.myraggededge.com
The Red Door Press,www.thereddoorpress.com
The Refill Market,IG: @the.refill.market
The Satanic Temple Iowa,https://facebook.com/SatanicIowa/
The shack @ 211,https://www.facebook.com/TheShackSiouxCity/
The Shop Iowa Citu,theshopiowa
The Shuffle Couple,Www.theshufflecouple.com
The Side Garage,Thesidegarage.com
The Slow Down Coffee Co. ,Www.theslowdowndsm.com
The Slow Era,theslowera.com
The Spark Movement,The-SparkMovement.com
The Studio ,Thestudiojefferson.com
The Tea Tramp,https://theteatramp.com/
The Traveling Basket,www.thetravelingbasket.com
The Webster,www.thewebsteric.com
The Wedge Pizza,thewedgepizza.com
Thistle’s Summit,Www.thistlessummit.com
"Thomas Savage, LMT",https://www.facebook.com/profile.php?id=61571973931270
Three Pines Farm,www.threepinesfarm.org
Thrive Counseling Center,www.thriveccankeny.com
"Thrive Counseling of the Quad Cities, PLLC. ",www.thrivecounselingqc.com
TNT Woodworking,https://www.facebook.com/tntwoodworking/
Tom Stender-Custer REALTOR®,www.lovewhereyouliveIOWA.com
Tranquil Harmony Tea ,https://tranquilharmonytea.com/
Troutleaf Native Plants,Troutleaf.com
Trt Studios LLP/One Guard IT,www.oneguardit.com
Tru Balance Bodywork ,https://www.trubalancebodywork.com/
True Haven Health,www.truehavenhealth.com
True Path Reiki & Tarot,https://Facebook.com/TamiJReiki
Trumpet Blossom Cafe ,trumpetblossom.com
Tura Lura Co,www.turaluraco.com
U.S. Daily Examiner,daily examiner.con
Ung Financial Services ,Ungfinancialservices.com
Unhinged Floral Co. ,www.unhingedfloral.com
Unitarian Universalist Fellowship of Ames,www.uufames.org 
Uptown Garage Brewing Company,UptownGarageBrewing.com
Val Air Ballroom,https://www.valairballroom.com/
Vanity & Glamour Cosmetics ,vgcosmetics.com
Viacore Solutions,Facebook
Vibin' Skin Spa,vibinskinspa.com
Victoria Lynn Imagery,www.facebook.com/victorialynnimagery
Viet Enterprises,www.bigcreekgrowth.com
Violet Lane Florals ,www.violetlaneflorals.com
Vital Skin Spa,Www.vitalskinspa.com
vIVid Life Spa,www.vividlifespa.com
vIVid Wellness + Aesthetics,vividwellnesslounge.com
VZZ Vintage,www.instagram.com/vzzvintage
Wake Up Iowa Coffee,wakeupiowacoffee.com
Walnut Hills UMC,Whumc.org
Wander Women Midwest,
Wanderer's Haul,www.wanderershaul.com
Wandering Raccoon Books,https://wanderingraccoonbooks.com/
Warm Wishes,Warmwishesfromiowa.com
Warren Hill Farm,https://www.facebook.com/warrenhillfarms
Warrior Lanes ,Warriorlanes.com
Wedding Choice Awards,weddingchoiceawards.com
Wedding Show Productions,
Weddings By Design,Weddingsbydesigndm.com
"Wellspring Wellness, LLC",http://www wellspringwellness.com
West Des Moines United Methodist Church,www.wdmumc.org
White Willow Events,www.whitewilloweventsia.com
"Wildcat Investments, LLC",SportClips.com/ia102
Wildflower ,
Willow on Grand ,https://willowongrand.com/
"Wilson Counseling Services, LLC",Www.sw-counseling.com
"With Love, Libby",Withlovelibby.com
Wooly's,https://www.woolysdm.com/
Words Worth Repeating,www.wordsworthrepeating.com
Yonderbound,yonderbound.co
Yost Family Chiropractic,www.yostfamilychiropractic.com
Yotopia Frozen Yogurt,www.yotopiafroyo.com
"Your Clear Next Step, LLC",www.yourclearnextstep.com
Zanzibar's Coffee Adventure,www.zanzibarscoffee.com
Zeno’s,http://www.zenosrestaurant.com/
ZHOOSH,www.zhooshdsm.com
Zion United Church of Christ,http://zionuccburlington.org/
"Bio::Neos, Inc.",Https://Bioneos.com
Prairie Flower Children's Center,prairieflowercc.org
Grace United Methodist Church,gracedesmoines.org
Midday Moon Macrame,https://middaymoonmacrame.etsy.com/
"TJAM Construction, LLC",Find us on Facebook
Lachele’s North,Lachelesfinefoods.com